250000,235224,17,03d5d5032e47181a,0.8
500000,470601,17,73a9bdf5931feee1,3.1
750000,706036,17,59a48ee79438a13d,6.9
1000000,941419,17,a413d7d155b89394,12.3
1250000,1176880,21,6b769bba74ea8909,19.3
1500000,1412376,21,945241083f0ead10,27.9
1750000,1647980,21,5ebba2f42d81ba27,38.1
2000000,1883449,24,b810a41a934f0a65,49.9
2250000,2119017,24,912f417e31b6f4ab,63.4
2500000,2354150,24,2ccc1db3c435d4a8,78.5
2750000,2589122,24,c29c1b22506b0712,95.2
3000000,2824485,24,81c512f5d2a6dbc7,113.5
3250000,3059825,24,8f15235593a8d6b9,133.4
3500000,3295177,24,f1b0e0df314362c6,154.5
3750000,3530802,24,d3ee57c2fc44f6d3,176.9
4000000,3766120,24,33cde90bdf1c9463,200.9
4250000,4001708,24,32871952c247ad71,226.5
4500000,4236757,24,8004f89cc689cbc0,253.1
4750000,4472440,24,07778a2b56dfe934,281.2
5000000,4708010,24,be3f36ebd4e651b7,311.1
5250000,4943349,24,44382d330502453e,342.7
5500000,5178622,24,7e054bceb143d733,375.5
5750000,5413902,24,4c69564efa40f045,409.7
6000000,5649381,24,f4d0e8d92b497975,445.4
6250000,5884883,24,f816576708effa34,482.6
6500000,6120115,24,697e2cb8ad8c090c,521.2
6750000,6355505,24,1cc95dadb57c9492,561.3
7000000,6590899,24,9e8a099b1c7a8cdf,603.0
7250000,6826093,24,578c46db118677ba,646.9
7500000,7061338,24,63364a35ccaf4bf0,693.4
7750000,7296718,24,a77597567c6a7076,740.7
8000000,7531866,24,dc600fb84a1da060,789.4
8250000,7767239,24,502311a66a91abfe,839.6
8500000,8002704,24,8bf861cedc370c18,891.3
8750000,8238383,24,7b016fcc61e81ad6,944.7
9000000,8473589,24,3b79af706f8793fe,1000.7
9250000,8709066,24,537f46fa481bc807,1057.2
9500000,8944345,24,715dafebbdaf4e64,1115.0
9750000,9179634,24,9c22f7ea176e5a98,1174.5
10000000,9415003,24,dc4e80bd9c633888,1235.5
10250000,9650386,24,289acffc1ffaeb0b,1298.5
10500000,9885312,24,da965260ecb24ff9,1362.7
10750000,10120436,24,a91b4dfd2f17098f,1428.4
11000000,10355708,24,56d016dc9d10789d,1495.6
11250000,10591259,24,483fbe7631b62a67,1564.3
11500000,10826215,24,a9aaff9929b9ec8c,1637.8
11750000,11061765,24,53fd428b6ef04800,1714.3
12000000,11297212,24,a32808631b1c50f2,1797.2
12250000,11532570,24,94229a25553ca167,1875.4
12500000,11768030,24,30c1d1b9808728c1,1953.0
12750000,12003565,24,7c89b4c812c07373,2031.1
13000000,12238963,24,71f892ab76a8bccd,2110.9
13250000,12474746,24,e54ead1dd577e2dc,2192.5
13500000,12709840,24,4faa1805e325793f,2276.5
13750000,12945104,24,409bfe24f90639f7,2360.9
14000000,13180637,24,6d4f1e67a7afd988,2446.8
14250000,13416068,24,30a5360cd986fed1,2535.2
14500000,13651159,24,1a319777d18fd740,2624.2
14750000,13886352,24,c8ac2412edc065b1,2714.7
15000000,14121753,24,4e83c31fb28fc297,2807.1
15250000,14356960,24,3901c595107fb629,2903.4
15500000,14592117,24,b8ab708b90900eb7,2999.2
15750000,14827342,24,89182d7a48ac7c2f,3096.0
16000000,15062819,24,53326c8c75606939,3194.3
16250000,15298080,24,f3df1d3702bbfbe1,3295.0
16500000,15533280,24,84d8d8f0fdd0ee0e,3396.7
16750000,15768833,24,001a5c8765ced47c,3498.6
17000000,16003804,24,d8fd2b743d156161,3602.6
17250000,16238884,24,d64e30753c738b25,3710.9
17500000,16474482,24,b29eb0899b1b77db,3821.0
17750000,16709811,24,d133cf5f1271c5ca,3931.9
18000000,16944925,24,d0ea936f84c188c9,4045.2
18250000,17180337,24,b7655199774e9dee,4167.5
18500000,17415780,24,85ff91201c09d6fa,4296.3
18750000,17650808,24,867da5be8a9e183a,4422.7
19000000,17885820,24,102b4b27f55805c1,4548.2
19250000,18120858,24,40307d16e057cc40,4676.8
19500000,18355851,24,f88c274194220310,4801.0
19750000,18591183,24,a333408a8e7be624,4925.1
20000000,18826755,24,1205266ab51477b6,5049.7
20250000,19062163,24,35487c5922096bb7,5178.2
20500000,19297471,24,b9dc6600850758a1,5310.2
20750000,19532892,24,f0d77aa06cc99bdc,5442.9
21000000,19768221,24,045eca3faab93b53,5577.4
21250000,20003764,24,354265557c2a4860,5712.7
21500000,20239068,24,3fec4b86a199b8a0,5849.7
21750000,20474092,24,f733ef48b5fa99da,5988.6
22000000,20709221,24,50237a45a0441391,6127.5
22250000,20944752,24,db025de8aff1365a,6270.0
22500000,21179708,24,d50e9e862f4c7fc5,6415.1
22750000,21415317,24,b8708cc3b0c19577,6561.2
23000000,21650711,24,e9d4f845ba246eb1,6711.5
23250000,21885808,25,00f1dc201ed33796,6862.7
23500000,22121062,25,b060366296e0414a,7018.2
23750000,22356344,25,195e220e57a08001,7173.5
24000000,22591538,25,5c3dc09c68f98070,7326.9
24250000,22826767,25,6af4cb803cecc2b9,7484.8
24500000,23062233,25,e1706fefb653e9e8,7642.8
24750000,23297449,25,75980c2a454d446d,7796.8
25000000,23532453,25,3bf7f7e5c7089074,7952.5
25250000,23767766,25,f5519f903c7c765e,8109.7
25500000,24003210,25,b7793ebb01aae66c,8268.6
25750000,24238602,25,ad4dd8cac828d7da,8428.5
26000000,24473937,25,4dc17b1f6f2ed92c,8590.8
26250000,24709090,25,77c33b94a1697af2,8755.6
26500000,24944424,25,44733575636f92b2,8928.4
26750000,25179903,25,8f73c59d33f75c37,9114.3
27000000,25415352,25,52e05b3594c1cddc,9295.9
27250000,25650559,25,60e0722868ca1efa,9478.2
27500000,25886310,25,530d2a59ef53965e,9660.0
27750000,26121414,25,9539db281b57549a,9852.8
28000000,26356719,25,c0442849d6134ec8,10049.8
28250000,26592008,25,91e917ad750e68cd,10246.0
28500000,26827306,25,27996fc504f974cd,10440.0
28750000,27062944,25,df0590d27e26731d,10622.3
29000000,27297824,25,592d3e1ffc306b1e,10806.4
29250000,27532700,25,6272ca2adc57f914,11000.4
29500000,27767801,25,cd4dda30a53e010f,11192.5
29750000,28003209,25,e45c4383bbd22043,11384.1
30000000,28238455,25,c8a4e5a39a791c4d,11575.3
30250000,28473637,25,8cb8bd03535883c1,11767.5
30500000,28709008,25,f4dce13d8ed25fe3,11960.9
30750000,28944239,25,e9958901a82682e5,12172.3
31000000,29179431,25,92d7ef76dd1da468,12388.4
31250000,29414905,25,bb9f040fc9fc5a33,12610.3
31500000,29650149,25,9f1900617dadc13b,12832.8
31750000,29885417,25,ef28dc512bd15f9a,13049.6
32000000,30120535,25,934d120d27e11230,13272.0
32250000,30355985,25,ca32354f9fcbdd66,13489.1
32500000,30591604,25,51b6e5d7b6b9efaf,13710.6
32750000,30826834,25,ae20dc3583d8b5cc,13930.3
33000000,31062454,25,850d88e6dca1e34e,14165.5
33250000,31297877,25,ef7abee555359ce9,14386.7
33500000,31532975,25,e1c6d01eb8ee83e9,14603.7
33750000,31768481,25,d90a9da7f0df9b01,14816.9
34000000,32003828,25,d0628ed657f29291,15034.5
34250000,32239180,25,331237cf178d504a,15269.8
34500000,32474722,25,79ed6dfaed982f50,15510.4
34750000,32709815,25,b4ba21c76d8ca706,15735.8
35000000,32945318,25,787651fb2604b6cb,15962.8
35250000,33180250,25,c1989ef1f02ca616,16189.3
35500000,33415720,25,ea182a4cb5fb54d8,16422.1
35750000,33650800,25,e4f151e7b0eaa6e7,16650.3
36000000,33885725,25,d1bd8ea56d4aec40,16883.0
36250000,34121199,25,5104c31cb23d5a17,17120.2
36500000,34356619,25,59a5fb50e473438c,17363.1
36750000,34591654,25,0139043e15ff46c0,17603.8
37000000,34827373,25,7c61e62c03aafc03,17847.4
37250000,35062442,25,6c1b21452fea8f69,18082.8
37500000,35297797,25,ab24c15cda1892d6,18322.8
37750000,35533247,25,46db5200f3d7bf66,18567.6
38000000,35768398,25,a37658c6c9862575,18819.6
38250000,36003836,25,25df855985242b81,19063.6
38500000,36239487,25,79bbfa7b43e917c7,19309.4
38750000,36474679,25,b34dd188afa6bb14,19562.2
39000000,36709778,25,bc1256bb52b600bb,19814.6
39250000,36944962,25,aca8da3e737580ab,20065.9
39500000,37180199,25,655fa8c0f7a5559f,20313.2
39750000,37415248,25,7645c1469fbe0ee3,20560.4
40000000,37650009,25,98f845397110d3ff,20820.4
40250000,37885126,25,cc4a8297f98c73b2,21102.6
40500000,38120550,25,c5dbc75994894ebd,21359.6
40750000,38355845,25,866a556b7ca7baac,21622.7
41000000,38591304,25,7efe6f7d5fce96a4,21877.7
41250000,38826570,25,39bdd91cb20bbe94,22134.8
41500000,39061830,25,5fe55d6750369927,22393.2
41750000,39297279,25,70fa548112cbf2e2,22652.9
42000000,39532523,25,4b80698e23f7576f,22914.0
42250000,39767973,25,46b712065ea06a4e,23177.2
42500000,40003317,25,97ec3ad26a6418dc,23441.8
42750000,40238724,25,71d120c29fdf715a,23707.9
43000000,40474141,25,9a3e9bdb73ee2a0c,23975.3
43250000,40709238,25,d51bc1cb7af25cce,24245.3
43500000,40944638,25,122ef8dc40128a01,24516.6
43750000,41180140,25,fc742132110bee39,24790.0
44000000,41415342,25,43e93402033dc6e3,25064.4
44250000,41650455,25,3ad8e87312c8b95a,25340.2
44500000,41885738,25,60a0abec3aabe928,25617.9
44750000,42120951,25,8617ff75fc95ca74,25896.7
45000000,42356602,25,7087647fefaadba5,26176.9
45250000,42591804,25,0cd72873d42b9d7b,26458.9
45500000,42827133,25,da68d9f02f179a28,26743.3
45750000,43062337,25,05d12ba9f648cb6f,27028.6
46000000,43297815,25,b4149866ae1c8bdd,27316.6
46250000,43533216,25,40e4eceb1a8451b4,27605.7
46500000,43768421,25,f4d65655b132bce2,27896.6
46750000,44003829,25,ec637b74bbf0e23a,28188.6
47000000,44239119,25,c5c5d8d0fbf7813f,28481.8
47250000,44474420,25,62b88b1c944566df,28780.0
47500000,44709721,25,89a9799a45e89059,29083.1
47750000,44945409,25,8a0559b98eaa3296,29377.7
48000000,45180947,25,3ca9c1817c142995,29674.9
48250000,45416350,25,5f63d823571638ec,29972.5
48500000,45651695,25,53941b1e45e304e2,30271.3
48750000,45887030,25,5243b5a891508e86,30571.9
49000000,46122401,25,9d3e2403c07e6f87,30874.0
49250000,46357239,25,82c36bf2c3dc4ebd,31178.0
49500000,46592424,25,bd3ed2a1d1a683fe,31483.4
49750000,46827979,25,af3d2c7aeee81f3a,31790.3
50000000,47063400,25,59b8550f2258e15b,32098.6
50250000,47298740,25,de3baf80b84546ef,32408.4
50500000,47534337,25,b56e3db68b5eb478,32720.3
50750000,47769201,25,451a34d5ee8ff197,33034.0
51000000,48004346,25,3f88444f36248071,33349.5
51250000,48239603,25,2d9b417a7fc9ec6f,33671.6
51500000,48475136,25,7acd8622abd58a9c,33996.0
51750000,48710891,25,17ec2897eb67d4a0,34366.9
52000000,48945966,25,d3c1c6f3cec9b946,34745.8
52250000,49181579,25,6cd1f34b36506289,35105.2
52500000,49416729,25,6b4d0757390b13f3,35449.4
52750000,49652276,25,64a99e436e7910d1,35824.0
53000000,49887974,25,4a5109f6838965da,36185.2
53250000,50123386,25,fe80606378cf314b,36556.6
53500000,50358925,25,396bb52f28d45dff,36896.1
53750000,50594578,25,5bbd2e31619d1472,37229.2
54000000,50829778,25,6e8099027649f0fb,37592.9
54250000,51064869,25,c4fe5fed36466cf4,38003.2
54500000,51300307,25,d535ef9a180963cf,38401.1
54750000,51535731,25,f8b2ca1d168372c4,38832.9
55000000,51771391,25,68ca7713bbe23e51,39262.1
55250000,52006304,25,099f32d9f8e810dd,39656.6
55500000,52241811,25,eb33d575b7e2e68b,40058.6
55750000,52477020,25,8e09b347d20f29ca,40479.1
56000000,52712271,25,1bf5f6e05f08cc8c,40942.6
56250000,52947634,25,a053dcb1234b541d,41395.1
56500000,53182897,25,faa1fa7713b43bc2,41853.1
56750000,53418006,25,86473b31cb36b014,42313.2
57000000,53653441,25,c5af533a231da17d,42759.0
57250000,53888670,25,e0ea49b56cac8dc3,43158.2
57500000,54123896,25,fa5f325b8ee5156a,43572.3
57750000,54359066,25,e6284a72e2189f6c,44010.9
58000000,54594359,25,94e0350fab3879e3,44477.7
58250000,54829661,25,1640b7b58e74683e,44950.0
58500000,55065082,25,ec369758595eec28,45446.5
58750000,55300818,25,198b45fdcb5d266f,45861.8
59000000,55535995,25,ecd54e24a3554961,46309.1
59250000,55771174,25,2d6bb9a1f59cd226,46882.4
59500000,56006594,25,d214221f00bc5019,47446.0
59750000,56241763,25,b52f1876d09f47c3,47904.6
60000000,56477442,25,2944746037708d5d,48561.2
60250000,56712938,25,ae5e57f506985f92,49233.8
60500000,56948335,25,d4a749df6802188c,49913.4
60750000,57183743,25,8bb2c7d937a4ef0e,50551.4
61000000,57419386,25,11b9ef6a9b630e0a,51076.7
61250000,57654550,25,9c38886d29d7566c,51487.5
61500000,57890023,25,96f3c6a80ae8987c,51885.8
61750000,58125346,25,28aadbd03db1000c,52283.5
62000000,58360698,25,c6ebc8c56e2d50e4,52682.9
62250000,58595854,25,3c25ae39ea059fda,53084.7
62500000,58830883,25,cc7282b0fec8da39,53488.8
62750000,59066460,25,831c6df8b18c685d,53895.5
63000000,59301876,25,dd11bfde23dcb994,54303.9
63250000,59537151,25,37122e8eb86e5ab1,54714.1
63500000,59772532,25,f328d41a8f8bef7e,55126.5
63750000,60007997,25,84aee4e090f35343,55542.1
64000000,60243414,25,902b5acb3e7fc128,55958.8
64250000,60478319,25,c9c11c567b9c4302,56377.9
64500000,60713625,25,a963f0602a917cff,56799.5
64750000,60948995,25,7207955ff8df0c64,57223.5
65000000,61184573,25,5836abeb780b2a56,57651.1
65250000,61420123,25,7db45420d8dcf7d2,58080.2
65500000,61655523,25,f41349b5063bd625,58510.5
65750000,61890290,25,d62e350c7e0b49bf,58943.1
66000000,62125490,25,d79f35e11bdcbc01,59377.7
66250000,62360840,25,ad92f37641318eb4,59813.9
66500000,62595555,25,aa2664bc9c3ffd41,60253.0
66750000,62830895,25,22f0f09440a919a3,60693.9
67000000,63065785,25,f4e6dc18406dae58,61137.5
67250000,63300721,25,f25a098cbceaeabe,61584.0
67500000,63536059,25,6514a9e3783d5ea5,62032.1
67750000,63771402,25,983a83173e644171,62481.9
68000000,64006529,25,38282ba030926f15,62934.0
68250000,64241922,25,86080a3da4af9e22,63389.0
68500000,64476955,25,bc62c913b7344071,63846.1
68750000,64712292,25,e98e6892ae12b54a,64305.8
69000000,64947660,25,41a2c28106f65bea,64769.4
69250000,65182709,25,8eb9bbaacd86fbb4,65237.2
69500000,65418479,25,60d0547e15ecd101,65707.1
69750000,65653791,25,fd7f97daf3559b8c,66180.0
70000000,65889278,25,75321225833df8eb,66654.2
70250000,66124362,25,72067df6e5235fce,67126.3
70500000,66359476,25,1ffd58ed1831c23a,67600.5
70750000,66594793,25,c6cc5deb7d9cae07,68075.9
71000000,66830091,25,b31829b138effcbc,68554.5
71250000,67065422,25,848111cb02c23e16,69036.0
71500000,67300473,25,bdb3b59bf334dd09,69520.1
71750000,67536047,25,22a618203aff0cf1,70007.9
72000000,67771469,25,e93ebd3bed2105f6,70496.7
72250000,68006848,25,05eec818cec08ffd,70987.8
72500000,68242226,25,dd3596e563a3cee7,71480.9
72750000,68477726,25,ecefa1720960ed25,71976.3
73000000,68713046,25,584bc1034d212fa9,72474.5
73250000,68948409,25,b502b72bb0efcacd,72974.7
73500000,69183352,25,5ba50b4112fb7306,73479.9
73750000,69418710,25,e08b6df909515162,73987.9
74000000,69654014,25,ea4fb528861f3d17,74496.9
74250000,69889152,25,6313f7e9fbb63f9c,75008.7
74500000,70124223,25,ab91978ddde55140,75523.0
74750000,70359655,25,99c7f3cf3634f323,76040.1
75000000,70595341,25,b470d24e49a23213,76558.6
75250000,70830515,25,e33c393de70bf096,77079.9
75500000,71065717,25,7ea3f787f60426b6,77603.9
75750000,71300993,25,11d1e1fdb1c8ff35,78130.4
76000000,71536198,25,60ed3e78110498f1,78660.2
76250000,71771528,25,9e997513b9a2a129,79193.5
76500000,72007075,25,72db6da0cf5d8f88,79730.3
76750000,72242311,25,26ac354d3e604e05,80270.6
77000000,72477864,25,83a310a96f41bdd3,80815.4
77250000,72713163,25,f6219963c3096828,81357.2
77500000,72948403,25,53f804bfd7275f43,81901.9
77750000,73183753,25,3614db83e9a6c8fb,82450.3
78000000,73419205,25,6a615e5ca4d8f449,83002.1
78250000,73654509,25,2de0a4e36236e6c2,83556.8
78500000,73890117,25,212c344dd30f37ec,84115.8
78750000,74125715,25,36db10740dcbbf9b,84681.9
79000000,74360665,25,fcde186bac394ad8,85246.3
79250000,74595733,25,1d41e0e079a14e2a,85815.6
79500000,74831018,25,39e2f6077f03d34b,86390.0
79750000,75066324,25,b0b357d6a403b731,86974.6
80000000,75301508,25,ce8011f9d466e404,87534.0
80250000,75536782,25,33ae28230cea0920,88095.7
80500000,75772291,25,6f33457638c79228,88658.8
80750000,76007830,25,df0333037eeb86ce,89224.2
81000000,76243403,25,9c0145a796e18b95,89792.1
81250000,76478728,25,512a08a5774e04d7,90362.7
81500000,76714145,25,02efb1accc7bd22e,90935.5
81750000,76949289,25,cfab5c33726e4329,91511.4
82000000,77184121,25,23fa70f9c44e9b0b,92089.5
82250000,77419289,25,3e2e3667fb242118,92669.9
82500000,77654659,25,cb05d5cfb3ec09aa,93256.0
82750000,77889787,25,1124f02ddc98aab9,93842.0
83000000,78125126,25,60c34be7976903e1,94430.6
83250000,78360487,25,eb58d329c87a3610,95022.0
83500000,78595738,25,eff02819b6d1c97c,95616.8
83750000,78831125,25,b0ce78e5d4c47c87,96217.7
84000000,79066290,25,737dbd15e6beec08,96847.1
84250000,79301910,25,07f419b706407459,97502.7
84500000,79537184,25,5ae60816e198fcd9,98140.5
84750000,79772358,25,6f34fd0d40a4d2fc,98777.4
85000000,80007948,25,f4f960f4b0d806cf,99417.9
85250000,80242822,25,403142b93e175051,100090.8
85500000,80478274,25,08f1e5367f18637e,100708.3
85750000,80713273,25,dd6dd3bb8fc5d11f,101326.8
86000000,80948458,25,7d20d667c44ed267,101947.6
86250000,81183946,25,b688b3da21aa34cf,102571.0
86500000,81419351,25,cf93bbc7e2e337f4,103197.5
86750000,81654908,25,ee8cb31136754843,103827.8
87000000,81890154,25,7a0fb9367ac73bb8,104463.0
87250000,82125507,25,3d62210dcb7af840,105164.2
87500000,82360629,25,e5c547b391715bf4,105993.5
87750000,82595920,25,e262fc96d1594eef,106833.1
88000000,82831565,25,26b3fd1e286bb6f6,107653.6
88250000,83066711,25,c4d7fbd81227cf5e,108470.8
88500000,83302022,25,1c68749f0b9e12ce,109271.6
88750000,83537170,25,e88124d2105ff731,110112.7
89000000,83772647,25,8ed71418d1b450a6,110908.3
89250000,84007859,25,5fd6d19c98543f90,111717.3
89500000,84243538,25,b74f1e8769957df1,112486.5
89750000,84478361,25,d65e5269fd5f6bfd,113260.4
90000000,84713633,25,45967ba1a7b08005,114052.2
90250000,84949207,25,080dbe7b32f05582,114809.3
90500000,85184706,25,89f62d445358b90f,115561.2
90750000,85419559,25,4c5c063ca99676fd,116341.4
91000000,85655052,25,29ba3ec20bd73e56,117125.0
91250000,85890717,25,f175ca700ea555a8,117823.8
91500000,86126027,25,57dee92a9218bf6c,118503.4
91750000,86361316,25,bb0558e752d62c28,119185.0
92000000,86596145,25,a0d09e80d02528d7,119975.3
92250000,86831057,25,2722aa05bea228d7,120820.3
92500000,87066648,25,35a801bb03f2b8a2,121656.1
92750000,87301674,25,e1eaba9111005699,122446.0
93000000,87537204,25,c45adfb8d56142ef,123140.9
93250000,87772745,25,6b452ae373805be5,123837.5
93500000,88007759,25,a74f55252ea24733,124536.6
93750000,88243070,25,5587dfeaa4ea56dd,125238.4
94000000,88478109,25,080e620c62366991,125942.7
94250000,88713390,25,acc33609082a1e09,126650.2
94500000,88948725,25,88a5947862a4c972,127360.6
94750000,89184041,25,9915a829cb57a72d,128073.6
95000000,89419646,25,6616dcbe735a2ce8,128790.7
95250000,89654969,25,7b60465647e06ea2,129511.0
95500000,89890333,25,c2d8c15030fcad2e,130233.1
95750000,90125734,25,ffbf423f1f41f8de,130956.5
96000000,90361207,25,a2367e130cf0312e,131689.0
96250000,90596684,25,cfe459f9b78d29f8,132499.5
96500000,90831744,25,f4ba02f1ca285b51,133322.9
96750000,91067187,25,d6db358893e55432,134121.0
97000000,91302689,25,37d3ed8d79543896,134961.7
97250000,91537686,25,d8fe1832cf7853e7,135767.2
97500000,91772716,25,86e8dbae09579221,136644.1
97750000,92008031,25,9478c8f531f2646a,137456.8
98000000,92242892,25,8e1d59b0e3e6a687,138234.1
98250000,92478155,25,cdf31012e171051a,138989.8
98500000,92713471,25,6963e2177a9bba0c,139748.6
98750000,92948849,25,a92bdf77f5b21f5d,140511.6
99000000,93184252,25,b5eba9345522a125,141276.6
99250000,93419144,25,d9b21c45d03a003e,142045.9
99500000,93654351,25,4752e083a363ef13,142821.2
99750000,93889795,25,8cc708ab5936b250,143598.3
100000000,94125050,25,fd4332e892cc1fab,144374.8
